Year,Population in 10 Million
2018,32.7167439
2017,32.5719178
2016,32.3127515
2015,32.1418821
2014,31.8857056
2013,31.6128839
